{
  "below_threshold_false_alarm_rate": {
    "model": {
      "0.1": 0.043898009081383166,
      "1.0": 0.022299786697692458,
      "5.0": 0.002564498686853082
    },
    "persistence": {
      "0.1": 0.12405169402724416,
      "1.0": 0.061549692593733246,
      "5.0": 0.01165868479324373
    }
  },
  "checkpoint": {
    "checkpoint_path": "runs/baseline_v1/checkpoint_best.pt",
    "epoch": 1,
    "run_config": {
      "batch_size": 16,
      "compile": true,
      "data_version": "radolan_yw_mmh_v2_strict_128",
      "device": "cuda",
      "epochs": 0,
      "lr": 0.0005,
      "max_steps": 2000,
      "run_id": "baseline_v1",
      "seed": 42,
      "time_budget": 1800,
      "weight_decay": 0.01
    },
    "step": 1250
  },
  "conditional_bias_mmh": {
    "model": {
      "0_1_to_1": 0.009298833087086678,
      "10_to_20": -6.243246555328369,
      "1_to_5": -0.6555952429771423,
      "5_to_10": -2.8188188076019287,
      "dry": 0.018339328467845917,
      "gt_20": null
    },
    "persistence": {
      "0_1_to_1": 0.28054922819137573,
      "10_to_20": -6.358248710632324,
      "1_to_5": -0.5675961375236511,
      "5_to_10": -3.3523991107940674,
      "dry": 0.10217786580324173,
      "gt_20": null
    }
  },
  "index": 999,
  "radial_psd": {
    "model": {
      "power": [
        664250.2433471621,
        452639.49452748074,
        330575.5611771941,
        180750.0173768836,
        203674.19099964117,
        100865.30426655803,
        74147.96428619855,
        38942.09028158002,
        18287.740240997264,
        17597.895814034735,
        9743.428449400522,
        8322.898185987377,
        5681.387279995647,
        4036.159893022696,
        3091.2798047441634,
        2238.96169872399,
        1647.7599044815843,
        848.3416242926908,
        674.3038509584445,
        576.5487301220769,
        540.8203418023317,
        350.742266659577,
        235.16229817175642,
        229.27456494900883,
        193.73741396004561,
        181.5191268397973,
        139.24731922836736,
        119.97126233720013,
        114.08564174038538,
        98.59736592840459,
        81.767619072374,
        74.1818024721708,
        73.65606326558162,
        69.13850746764489,
        64.10287740690977,
        69.73220677813184,
        56.86621708436993,
        50.93109254246144,
        57.14393120480677,
        59.840923167347974,
        54.27171109013941,
        48.66504725256741,
        58.895486449502734,
        53.513590024986065,
        49.66179922383313,
        41.85825728711772,
        46.31390765829519,
        49.2755530604312,
        45.51959310839468,
        42.00504964445567,
        45.05866803498279,
        45.616438982253655,
        39.53642854833422,
        43.709847892007886,
        43.32249933810361,
        48.523410285457295,
        46.2025794443197,
        40.177518932645,
        42.761884003844536,
        40.057250127780335,
        39.41039660880567,
        34.4410756631321,
        32.07609486032153,
        37.33583239984395,
        31.199556065905288,
        31.84232745461515,
        29.076656541210152,
        30.88671307351017,
        26.629862531253504,
        30.351145267768768,
        30.932582775523613,
        30.78571389745246,
        29.17944405299847,
        27.54653752741803,
        28.314236622744115,
        29.190599841129696,
        25.44940016195099,
        34.52912784073763,
        31.84998829665785,
        25.23000986019375,
        28.815448877153212,
        36.052910145371115,
        35.565057228686584,
        31.413637234375503,
        22.613725661588823,
        19.297149773619633,
        16.78840372048418,
        19.718302686249835,
        17.582670484683742,
        13.737678658825722
      ],
      "radius": [
        0.0,
        1.0,
        2.0,
        3.0,
        4.0,
        5.0,
        6.0,
        7.0,
        8.0,
        9.0,
        10.0,
        11.0,
        12.0,
        13.0,
        14.0,
        15.0,
        16.0,
        17.0,
        18.0,
        19.0,
        20.0,
        21.0,
        22.0,
        23.0,
        24.0,
        25.0,
        26.0,
        27.0,
        28.0,
        29.0,
        30.0,
        31.0,
        32.0,
        33.0,
        34.0,
        35.0,
        36.0,
        37.0,
        38.0,
        39.0,
        40.0,
        41.0,
        42.0,
        43.0,
        44.0,
        45.0,
        46.0,
        47.0,
        48.0,
        49.0,
        50.0,
        51.0,
        52.0,
        53.0,
        54.0,
        55.0,
        56.0,
        57.0,
        58.0,
        59.0,
        60.0,
        61.0,
        62.0,
        63.0,
        64.0,
        65.0,
        66.0,
        67.0,
        68.0,
        69.0,
        70.0,
        71.0,
        72.0,
        73.0,
        74.0,
        75.0,
        76.0,
        77.0,
        78.0,
        79.0,
        80.0,
        81.0,
        82.0,
        83.0,
        84.0,
        85.0,
        86.0,
        87.0,
        88.0,
        89.0
      ]
    },
    "persistence": {
      "power": [
        1174512.9453656166,
        643868.5487765846,
        514102.0292665496,
        248805.27432611855,
        376373.6987966031,
        180973.73459928157,
        142137.3516702175,
        110060.08987270153,
        66131.19050182831,
        52212.446472241856,
        33630.842560926365,
        38255.10712719183,
        32067.552112307683,
        26929.420750192094,
        21795.8800462804,
        16828.74470171718,
        11478.503184256077,
        8987.349456605742,
        8062.82835956778,
        6712.25991874616,
        5483.739054052923,
        4299.87804952683,
        3837.3740489946617,
        3404.0175069832208,
        3409.492965708612,
        2775.852646756477,
        2566.9447387165233,
        2446.876171688027,
        1647.48956736958,
        1701.1954383635998,
        1335.5110985751412,
        1217.054531778676,
        1202.2806302511021,
        1260.1141042673776,
        951.6404634658179,
        948.4153895125407,
        914.1989687646604,
        867.3263549098307,
        742.2434152503961,
        741.3802896141061,
        641.7841806172312,
        520.7497193307973,
        545.6795271218296,
        491.3190757570988,
        471.74249920728704,
        472.73420972705867,
        483.68246041277274,
        461.4350502870207,
        426.4671517409001,
        412.7408151836634,
        435.8023785719889,
        440.61971895224553,
        409.1359460057231,
        351.86410807084644,
        351.1384832554475,
        380.64458921304254,
        397.3287886846653,
        360.5262652493093,
        394.5656815590518,
        430.28682578986593,
        397.5980503250007,
        418.6617657689925,
        420.6708191464402,
        426.8017658539949,
        378.08791793156985,
        312.8689173395498,
        276.159467816002,
        333.20928046288316,
        298.0602182663263,
        323.29739653315886,
        298.58249710872366,
        314.05714998824885,
        290.36344143148585,
        236.1792874430219,
        276.7775070424777,
        262.3715809054512,
        264.29501112432547,
        241.90790245716707,
        247.47291064010145,
        341.1811453647273,
        254.04553476453623,
        257.61118775984227,
        289.6194870054027,
        249.4257405107072,
        413.3715928002919,
        348.196266430244,
        333.37294412750515,
        441.694721616884,
        577.1576587174754,
        215.64382463270758
      ],